year_int,wildfishBiomass_kg
2015,6497598.474358313
2016,5220759.862727099
2017,4643113.154045032
2018,6324856.680927907
2019,6567609.720033324
2020,5479445.0
